Actual,Predicted
385297,387835.61374864436
230085,221600.6645006289
338132,345499.1225826787
753002,753498.0432389183
363395,366394.2014890414
526705,527333.642194528
